<?xml version="1.0" encoding="utf-8"?>
<ApplicationPackage
    SchemaVersion="1.0"
    AutodeskProduct="3ds Max"
    ProductType="Application"
    Name="AnimRef"
	Description="Sequence Player For 3Ds Max"
    AppVersion="1.2.0"
	Author="Sherzad Bahrami"
    ProductCode="{8619737e-9a5b-41e6-91c8-7d56c3595345}"
    UpgradeCode="{dd8ad9f8-7f13-4927-ae15-0e5b9b54aa34}">
    <CompanyDetails Email="cgcenter.org@gmail.com" Name="CGcenter" Url="https://www.cgcenter.ir" />
    <Components Description="post-start-up scripts parts">
        <RuntimeRequirements OS="Win64" Platform="3ds Max" SeriesMin="2021" SeriesMax="2022" />
        <ComponentEntry AppName="AnimRef" Version="1.1.3" ModuleName="./Contents/2021.ms" />
    </Components>
    <Components Description="post-start-up scripts parts">
        <RuntimeRequirements OS="Win64" Platform="3ds Max" SeriesMin="2018" SeriesMax="2020" />
        <ComponentEntry AppName="AnimRef" Version="1.1.3" ModuleName="./Contents/2020.ms" />
    </Components>
</ApplicationPackage>