<?xml version="1.0" encoding="utf-8"?>
<ApplicationPackage
    SchemaVersion="1.0"
    AutodeskProduct="3ds Max"
    ProductType="Application"
    Name="AnimRef"
	Description="Sequence Player For 3Ds Max"
    AppVersion="1.1.3"
	Author="Sherzad Bahrami"
    ProductCode="{192cb499-1ac2-4836-927f-22506cd216b4}"
    UpgradeCode="{c520f0e7-c38e-40c0-99bb-18eb1ecde26a}">
    <CompanyDetails Name="CGcenter" Url="https://www.cgcenter.ir" />
    <Components Description="post-start-up scripts parts">
        <RuntimeRequirements OS="Win64" Platform="3ds Max" SeriesMin="2021" SeriesMax="2022" />
        <ComponentEntry AppName="DemoMenu" Version="1.1.3" ModuleName="./Contents/2021.ms" />
    </Components>
    <Components Description="post-start-up scripts parts">
        <RuntimeRequirements OS="Win64" Platform="3ds Max" SeriesMin="2018" SeriesMax="2020" />
        <ComponentEntry AppName="AnimRef" Version="1.1.3" ModuleName="./Contents/2020.ms" />
    </Components>
</ApplicationPackage>