<?xml version="1.0" encoding="utf-8"?>
<ApplicationPackage
    SchemaVersion="1.0"
    AutodeskProduct="3ds Max"
    ProductType="Application"
    Name="AnimRef"
	Description="Sequence Player For 3Ds Max"
    AppVersion="1.5.3"
	Author="Sherzad Bahrami"
    ProductCode="{79A24A20-FE5C-45FB-8E3F-6F70DEBF5F21}"
    UpgradeCode="{21cf731f-17fb-40d2-93f9-4f78bc29acc5}">
    <CompanyDetails Email="cgcenter.org@gmail.com" Name="CGcenter" Url="https://shirzadbahrami.com/" />
        <Components Description="post-start-up scripts parts">
        <RuntimeRequirements OS="Win64" Platform="3ds Max" SeriesMin="2025" SeriesMax="2025" />
        <ComponentEntry AppName="AnimRef" Version="1.5.3" ModuleName="./Contents/2025.ms" />
    </Components>
    <Components Description="post-start-up scripts parts">
        <RuntimeRequirements OS="Win64" Platform="3ds Max" SeriesMin="2021" SeriesMax="2024" />
        <ComponentEntry AppName="AnimRef" Version="1.5.3" ModuleName="./Contents/2021.ms" />
    </Components>
    <Components Description="post-start-up scripts parts">
        <RuntimeRequirements OS="Win64" Platform="3ds Max" SeriesMin="2018" SeriesMax="2020" />
        <ComponentEntry AppName="AnimRef" Version="1.5.3" ModuleName="./Contents/2020.ms" />
    </Components>
    <Components Description="post-start-up scripts parts">
        <RuntimeRequirements OS="Win64" Platform="3ds Max" SeriesMin="2026" SeriesMax="2026" />
        <ComponentEntry AppName="AnimRef" Version="1.5.3" ModuleName="./Contents/2026.ms" />
    </Components>
    <Components Description="post-start-up scripts parts">
        <RuntimeRequirements OS="Win64" Platform="3ds Max" SeriesMin="2027" SeriesMax="2027" />
        <ComponentEntry AppName="AnimRef" Version="1.5.3" ModuleName="./Contents/2027.ms" />
    </Components>
</ApplicationPackage>
